1|Christopher|Dixon|cdixon0@vimeo.com
2|James|Day|jday1@msn.com
3|Judith|Hall|jhall2@smh.com.au
4|Andrew|Hart|ahart3@devhub.com
5|Nicole|Ford|nford4@1688.com
6|Sharon|Hughes|shughes5@infoseek.co.jp
7|Katherine|Rivera|krivera6@friendfeed.com
8|Helen|Knight|hknight7@unesco.org
9|Catherine|Stephens|cstephens8@dmoz.org
10|Craig|Phillips|cphillips9@nydailynews.com
11|Daniel|Warren|dwarrena@narod.ru
12|Amy|Fox|afoxb@yolasite.com
13|Bruce|Flores|bfloresc@yandex.ru
14|Raymond|Richards|rrichardsd@prweb.com
15|Diana|Chapman|dchapmane@apple.com
16|Doris|Carr|dcarrf@instagram.com
17|Diane|Diaz|ddiazg@photobucket.com
18|Paula|Burton|pburtonh@sourceforge.net
19|Jose|Scott|jscotti@github.io
20|Sean|Duncan|sduncanj@dell.com
21|David|Clark|dclarkk@ow.ly
22|Bobby|Sims|bsimsl@toplist.cz
23|Barbara|Warren|bwarrenm@geocities.com
24|Angela|Tucker|atuckern@upenn.edu
25|Annie|Gibson|agibsono@storify.com
26|Samuel|Thomas|sthomasp@seesaa.net
27|Kathy|Mills|kmillsq@typepad.com
28|Lillian|Fernandez|lfernandezr@home.pl
29|Michelle|Reid|mreids@sciencedaily.com
30|Bobby|Payne|bpaynet@mediafire.com
31|James|Romero|jromerou@yelp.com
32|Lisa|Robinson|lrobinsonv@miibeian.gov.cn
33|Maria|Martinez|mmartinezw@kickstarter.com
34|Julia|Taylor|jtaylorx@usnews.com
35|Martin|Burke|mburkey@wsj.com
36|Karen|Kim|kkimz@yellowbook.com
37|Russell|Dunn|rdunn10@marriott.com
38|Adam|Carroll|acarroll11@mayoclinic.com
39|Charles|Bryant|cbryant12@engadget.com
40|Phillip|Hart|phart13@scribd.com
41|Marie|Carroll|mcarroll14@eepurl.com
42|Katherine|Rice|krice15@cornell.edu
43|Marilyn|Dean|mdean16@livejournal.com
44|Ruth|Garrett|rgarrett17@nps.gov
45|Robin|Garza|rgarza18@aol.com
46|Martha|Ruiz|mruiz19@slate.com
47|Clarence|Rice|crice1a@networksolutions.com
48|Carol|Duncan|cduncan1b@yellowbook.com
49|Janet|Ortiz|jortiz1c@bloomberg.com
50|Melissa|Hall|mhall1d@goo.ne.jp
51|Deborah|Thomas|dthomas1e@cargocollective.com
52|Kimberly|Armstrong|karmstrong1f@woothemes.com
53|Bruce|Chavez|bchavez1g@princeton.edu
54|Andrew|Wood|awood1h@hp.com
55|Teresa|Lynch|tlynch1i@bloglovin.com
56|Helen|Brown|hbrown1j@usgs.gov
57|Mary|Moreno|mmoreno1k@princeton.edu
58|Kenneth|Howard|khoward1l@wsj.com
59|Marilyn|Turner|mturner1m@sciencedirect.com
60|Beverly|Wilson|bwilson1n@census.gov
61|Debra|Sims|dsims1o@amazon.com
62|Howard|Meyer|hmeyer1p@topsy.com
63|Terry|Fuller|tfuller1q@paginegialle.it
64|Andrea|Rice|arice1r@boston.com
65|Cheryl|Medina|cmedina1s@ameblo.jp
66|Jeffrey|Lee|jlee1t@msn.com
67|Pamela|Williamson|pwilliamson1u@bloglovin.com
68|Timothy|Cox|tcox1v@merriam-webster.com
69|Jonathan|Martin|jmartin1w@blogs.com
70|Douglas|Bradley|dbradley1x@chronoengine.com
71|Ann|Hart|ahart1y@jugem.jp
72|Todd|Powell|tpowell1z@accuweather.com
73|Virginia|Olson|volson20@springer.com
74|Bruce|Sims|bsims21@unc.edu
75|Eugene|Mitchell|emitchell22@behance.net
76|Doris|Harper|dharper23@i2i.jp
77|Eric|Hart|ehart24@cbc.ca
78|Brian|Arnold|barnold25@admin.ch
79|Christina|Meyer|cmeyer26@bbb.org
80|Kenneth|Cox|kcox27@bandcamp.com
81|Keith|Fisher|kfisher28@tmall.com
82|Peter|Ford|pford29@rediff.com
83|Ralph|Lawson|rlawson2a@businessinsider.com
84|Howard|Ward|hward2b@opensource.org
85|Robert|Green|rgreen2c@opera.com
86|Phillip|Ray|pray2d@netlog.com
87|Louis|Reed|lreed2e@discovery.com
88|Rose|Peterson|rpeterson2f@umich.edu
89|Janice|Nelson|jnelson2g@house.gov
90|Donna|Reed|dreed2h@youtu.be
91|Mark|Chapman|mchapman2i@infoseek.co.jp
92|Sara|Martinez|smartinez2j@cnbc.com
93|Heather|Boyd|hboyd2k@geocities.com
94|Maria|Ellis|mellis2l@spotify.com
95|Gary|Bowman|gbowman2m@java.com
96|Andrea|Moreno|amoreno2n@etsy.com
97|Jane|Knight|jknight2o@unesco.org
98|Edward|Watson|ewatson2p@gizmodo.com
99|Terry|Wright|twright2q@hao123.com
100|Cheryl|Griffin|cgriffin2r@earthlink.net
101|Brandon|Smith|bsmith2s@quantcast.com
102|Debra|Hicks|dhicks2t@mlb.com
103|Larry|Ramos|lramos2u@ftc.gov
104|Timothy|Lewis|tlewis2v@cnbc.com
105|Joseph|Jenkins|jjenkins2w@printfriendly.com
106|Laura|Greene|lgreene2x@umich.edu
107|Mark|Ortiz|mortiz2y@zdnet.com
108|Katherine|Harper|kharper2z@example.com
109|James|King|jking30@princeton.edu
110|Pamela|Bailey|pbailey31@google.ru
111|Arthur|Morgan|amorgan32@macromedia.com
112|Philip|Wells|pwells33@wp.com
113|Eugene|Davis|edavis34@hexun.com
114|Lois|Gutierrez|lgutierrez35@free.fr
115|Elizabeth|Morrison|emorrison36@samsung.com
116|Fred|Romero|fromero37@europa.eu
117|Rose|Castillo|rcastillo38@usa.gov
118|Gloria|Henderson|ghenderson39@ocn.ne.jp
119|Adam|Carter|acarter3a@chicagotribune.com
120|Christine|Burke|cburke3b@myspace.com
121|Donald|Andrews|dandrews3c@mashable.com
122|Justin|Morrison|jmorrison3d@reuters.com
123|Emily|Willis|ewillis3e@businessweek.com
124|Nicholas|Foster|nfoster3f@scientificamerican.com
125|Joseph|West|jwest3g@home.pl
126|Anna|Price|aprice3h@skyrock.com
127|James|Armstrong|jarmstrong3i@ted.com
128|Lillian|Harris|lharris3j@google.ca
129|Carolyn|Freeman|cfreeman3k@nifty.com
130|Todd|Williams|twilliams3l@zimbio.com
131|Frank|Mitchell|fmitchell3m@alexa.com
132|Deborah|Powell|dpowell3n@cyberchimps.com
133|Jonathan|Griffin|jgriffin3o@w3.org
134|Sarah|Holmes|sholmes3p@ucsd.edu
135|Cheryl|Freeman|cfreeman3q@nba.com
136|David|Lopez|dlopez3r@bandcamp.com
137|Lisa|Hanson|lhanson3s@tiny.cc
138|Earl|Clark|eclark3t@eventbrite.com
139|Thomas|Carroll|tcarroll3u@fc2.com
140|Tammy|Fisher|tfisher3v@vimeo.com
141|Diane|Thompson|dthompson3w@surveymonkey.com
142|Nicholas|Palmer|npalmer3x@gov.uk
143|Kenneth|Evans|kevans3y@aboutads.info
144|Antonio|Lane|alane3z@tuttocitta.it
145|Frances|Simmons|fsimmons40@bloomberg.com
146|Jimmy|Hanson|jhanson41@walmart.com
147|Johnny|Woods|jwoods42@eventbrite.com
148|Irene|Frazier|ifrazier43@php.net
149|Robin|Garrett|rgarrett44@fc2.com
150|Deborah|Stephens|dstephens45@e-recht24.de
151|Jesse|Porter|jporter46@gravatar.com
152|George|Romero|gromero47@fotki.com
153|Craig|Johnson|cjohnson48@cdc.gov
154|Patricia|Chavez|pchavez49@wordpress.org
155|Deborah|Daniels|ddaniels4a@microsoft.com
156|Timothy|Morales|tmorales4b@lycos.com
157|Raymond|Hayes|rhayes4c@blogtalkradio.com
158|Frank|Russell|frussell4d@creativecommons.org
159|Evelyn|Woods|ewoods4e@mediafire.com
160|Samuel|Palmer|spalmer4f@princeton.edu
161|Gary|Duncan|gduncan4g@cpanel.net
162|Joshua|Bell|jbell4h@fc2.com
163|Helen|Reid|hreid4i@mozilla.org
164|Martin|Kennedy|mkennedy4j@vk.com
165|Heather|Price|hprice4k@bloglines.com
166|Jessica|Harper|jharper4l@vinaora.com
167|Victor|Brown|vbrown4m@ycombinator.com
168|Roger|Fox|rfox4n@fc2.com
169|Nancy|Ramirez|nramirez4o@slideshare.net
170|Jack|Lee|jlee4p@sfgate.com
171|Nicholas|Lynch|nlynch4q@patch.com
172|Doris|Phillips|dphillips4r@biglobe.ne.jp
173|Jeremy|Roberts|jroberts4s@ebay.co.uk
174|Joe|Ellis|jellis4t@scribd.com
175|Mark|Bishop|mbishop4u@163.com
176|Amanda|Ferguson|aferguson4v@seesaa.net
177|Kelly|Tucker|ktucker4w@bigcartel.com
178|Maria|Mccoy|mmccoy4x@xing.com
179|Justin|Rivera|jrivera4y@irs.gov
180|Andrea|Fox|afox4z@1und1.de
181|Jonathan|Moore|jmoore50@pen.io
182|Jessica|Franklin|jfranklin51@jalbum.net
183|Fred|Adams|fadams52@yahoo.co.jp
184|Lillian|Frazier|lfrazier53@ca.gov
185|Antonio|Young|ayoung54@wikia.com
186|Gary|Romero|gromero55@webmd.com
187|Nicholas|Jackson|njackson56@nih.gov
188|Andrew|Wallace|awallace57@cbsnews.com
189|Clarence|Dixon|cdixon58@shareasale.com
190|Larry|Ward|lward59@youtube.com
191|Gloria|Chavez|gchavez5a@naver.com
192|Dorothy|Gonzales|dgonzales5b@friendfeed.com
193|Kathy|Lee|klee5c@latimes.com
194|Douglas|Gomez|dgomez5d@mit.edu
195|William|Walker|wwalker5e@virginia.edu
196|Doris|Ford|dford5f@discuz.net
197|Gregory|Crawford|gcrawford5g@wordpress.com
198|Anthony|George|ageorge5h@blogger.com
199|Maria|Payne|mpayne5i@wufoo.com
200|Chris|Edwards|cedwards5j@tmall.com
201|Jose|Nichols|jnichols5k@samsung.com
202|Craig|Torres|ctorres5l@rambler.ru
203|Gloria|Ryan|gryan5m@arizona.edu
204|Alice|Stewart|astewart5n@clickbank.net
205|Jesse|Warren|jwarren5o@java.com
206|Rachel|Matthews|rmatthews5p@artisteer.com
207|Rachel|Carpenter|rcarpenter5q@princeton.edu
208|Evelyn|Duncan|eduncan5r@blinklist.com
209|Todd|Thomas|tthomas5s@usgs.gov
210|Jacqueline|Long|jlong5t@scribd.com
211|Christina|Bradley|cbradley5u@reuters.com
212|Amy|Dixon|adixon5v@google.com.au
213|Jeffrey|Cooper|jcooper5w@skype.com
214|Steve|Day|sday5x@google.fr
215|Wayne|Kennedy|wkennedy5y@paypal.com
216|Annie|Lawrence|alawrence5z@mapy.cz
217|Randy|Shaw|rshaw60@behance.net
218|Wayne|Lawson|wlawson61@tiny.cc
219|Jacqueline|Scott|jscott62@pen.io
220|Nicholas|Boyd|nboyd63@cnn.com
221|Nancy|Wagner|nwagner64@gnu.org
222|Michelle|Hunter|mhunter65@dailymotion.com
223|Rebecca|Ward|rward66@cyberchimps.com
224|Kenneth|Sanders|ksanders67@upenn.edu
225|Anne|Campbell|acampbell68@house.gov
226|Matthew|Martin|mmartin69@furl.net
227|Juan|Gilbert|jgilbert6a@samsung.com
228|Randy|Peterson|rpeterson6b@unesco.org
229|Michelle|White|mwhite6c@google.it
230|Catherine|Mason|cmason6d@squarespace.com
231|Earl|Cox|ecox6e@trellian.com
232|Jimmy|George|jgeorge6f@wp.com
233|Andrea|Moore|amoore6g@newyorker.com
234|Paul|Porter|pporter6h@ameblo.jp
235|Eugene|Stevens|estevens6i@google.nl
236|Scott|Mills|smills6j@163.com
237|Roger|Collins|rcollins6k@edublogs.org
238|Anne|Ross|aross6l@meetup.com
239|Doris|Dixon|ddixon6m@symantec.com
240|Theresa|Hall|thall6n@gravatar.com
241|Douglas|Evans|devans6o@hao123.com
242|Sean|Sanders|ssanders6p@cbc.ca
243|Anne|Diaz|adiaz6q@aol.com
244|Lori|Riley|lriley6r@admin.ch
245|Louise|Elliott|lelliott6s@w3.org
246|Bonnie|Lee|blee6t@walmart.com
247|Patrick|Medina|pmedina6u@icq.com
248|Janice|Day|jday6v@yahoo.com
249|Stephen|Wagner|swagner6w@cnet.com
250|Kevin|Carr|kcarr6x@cargocollective.com
251|Stephen|Lawson|slawson6y@etsy.com
252|Nicole|Hansen|nhansen6z@flavors.me
253|Peter|Cruz|pcruz70@youku.com
254|Douglas|Rice|drice71@sakura.ne.jp
255|Janice|Hansen|jhansen72@weather.com
256|Robert|Reynolds|rreynolds73@tripadvisor.com
257|Joyce|Burke|jburke74@posterous.com
258|Tammy|Fernandez|tfernandez75@is.gd
259|Henry|Murray|hmurray76@360.cn
260|Robin|Morrison|rmorrison77@google.fr
261|Frances|Collins|fcollins78@multiply.com
262|Gregory|Perry|gperry79@intel.com
263|Andrew|Simmons|asimmons7a@nytimes.com
264|Donna|Stewart|dstewart7b@baidu.com
265|Earl|Riley|eriley7c@mysql.com
266|Kelly|Simmons|ksimmons7d@nifty.com
267|Randy|Gardner|rgardner7e@statcounter.com
268|Billy|Collins|bcollins7f@ibm.com
269|Christine|Nguyen|cnguyen7g@springer.com
270|Larry|Cunningham|lcunningham7h@boston.com
271|Alan|Sanders|asanders7i@hc360.com
272|Terry|Griffin|tgriffin7j@prnewswire.com
273|Helen|Mills|hmills7k@sourceforge.net
274|Lillian|Stone|lstone7l@addthis.com
275|Timothy|Harris|tharris7m@mtv.com
276|James|Wilson|jwilson7n@tamu.edu
277|Katherine|Brown|kbrown7o@comsenz.com
278|Timothy|Parker|tparker7p@salon.com
279|Emily|Harrison|eharrison7q@is.gd
280|Bobby|Harris|bharris7r@sourceforge.net
281|Jimmy|Hernandez|jhernandez7s@blog.com
282|Michelle|Wood|mwood7t@soundcloud.com
283|Harry|Mitchell|hmitchell7u@wufoo.com
284|Gary|Mills|gmills7v@liveinternet.ru
285|Thomas|Wells|twells7w@ted.com
286|Henry|Peterson|hpeterson7x@skyrock.com
287|Louis|James|ljames7y@newyorker.com
288|Matthew|Austin|maustin7z@artisteer.com
289|Sandra|Carpenter|scarpenter80@weebly.com
290|Linda|Morales|lmorales81@hc360.com
291|Nicholas|Medina|nmedina82@hc360.com
292|Russell|Martin|rmartin83@craigslist.org
293|Jacqueline|Hall|jhall84@google.nl
294|Carlos|Bennett|cbennett85@cyberchimps.com
295|Phyllis|Spencer|pspencer86@livejournal.com
296|Jack|Montgomery|jmontgomery87@elegantthemes.com
297|Pamela|Ford|pford88@zdnet.com
298|Janice|Simmons|jsimmons89@who.int
299|Howard|Garrett|hgarrett8a@seattletimes.com
300|Jane|Bennett|jbennett8b@upenn.edu
301|Willie|Hernandez|whernandez8c@apple.com
302|Doris|Watson|dwatson8d@eepurl.com
303|Jeremy|Carr|jcarr8e@hhs.gov
304|Melissa|Martin|mmartin8f@reuters.com
305|Robin|Freeman|rfreeman8g@msn.com
306|Edward|Collins|ecollins8h@moonfruit.com
307|Donna|Tucker|dtucker8i@taobao.com
308|Patricia|Morgan|pmorgan8j@pagesperso-orange.fr
309|Phillip|Campbell|pcampbell8k@free.fr
310|Elizabeth|Diaz|ediaz8l@newyorker.com
311|Marie|Bell|mbell8m@scientificamerican.com
312|Virginia|Bennett|vbennett8n@gmpg.org
313|Samuel|Snyder|ssnyder8o@berkeley.edu
314|Jeremy|Lewis|jlewis8p@php.net
315|Linda|Clark|lclark8q@twitter.com
316|Clarence|Crawford|ccrawford8r@ibm.com
317|Clarence|Walker|cwalker8s@dagondesign.com
318|Charles|Morris|cmorris8t@unicef.org
319|Larry|Payne|lpayne8u@google.pl
320|Keith|Jacobs|kjacobs8v@shop-pro.jp
321|Debra|Hanson|dhanson8w@seesaa.net
322|Carlos|Fields|cfields8x@home.pl
323|Brandon|White|bwhite8y@state.tx.us
324|Louise|Knight|lknight8z@intel.com
325|George|Hansen|ghansen90@marriott.com
326|Jason|Phillips|jphillips91@google.pl
327|William|Adams|wadams92@blogtalkradio.com
328|Patricia|Hawkins|phawkins93@weather.com
329|Ryan|Garcia|rgarcia94@omniture.com
330|Brenda|Hunter|bhunter95@ifeng.com
331|Stephen|Morris|smorris96@t-online.de
332|Kathleen|Ramos|kramos97@gnu.org
333|Diana|Owens|dowens98@house.gov
334|Donald|Clark|dclark99@bloomberg.com
335|Tina|Hudson|thudson9a@digg.com
336|Walter|Scott|wscott9b@cornell.edu
337|Albert|Harper|aharper9c@ed.gov
338|Michael|Willis|mwillis9d@harvard.edu
339|Fred|Alexander|falexander9e@wufoo.com
340|Carolyn|Franklin|cfranklin9f@virginia.edu
341|Martin|Carroll|mcarroll9g@ihg.com
342|Frank|Spencer|fspencer9h@etsy.com
343|Christina|Sanders|csanders9i@qq.com
344|Willie|Moore|wmoore9j@blogtalkradio.com
345|Brenda|Foster|bfoster9k@bigcartel.com
346|Albert|Ross|aross9l@google.co.jp
347|Ruby|Cox|rcox9m@i2i.jp
348|Jean|Fox|jfox9n@sphinn.com
349|Jeremy|Hunter|jhunter9o@tamu.edu
350|Howard|Welch|hwelch9p@un.org
351|Alice|Gonzales|agonzales9q@usnews.com
352|Julie|Wheeler|jwheeler9r@goo.ne.jp
353|Barbara|Brooks|bbrooks9s@networkadvertising.org
354|Gary|James|gjames9t@wufoo.com
355|Jason|Sanchez|jsanchez9u@printfriendly.com
356|Linda|Morgan|lmorgan9v@paypal.com
357|Kathy|Fuller|kfuller9w@businesswire.com
358|Douglas|Perkins|dperkins9x@shop-pro.jp
359|Victor|Walker|vwalker9y@moonfruit.com
360|David|Moreno|dmoreno9z@arizona.edu
361|Elizabeth|Lynch|elyncha0@ezinearticles.com
362|Brian|Olson|bolsona1@marriott.com
363|Michael|Cooper|mcoopera2@time.com
364|Diane|Williams|dwilliamsa3@quantcast.com
365|Ernest|Garcia|egarciaa4@nyu.edu
366|Carlos|Nichols|cnicholsa5@utexas.edu
367|Julia|Austin|jaustina6@bing.com
368|Louis|Ford|lforda7@mapquest.com
369|Paula|Watson|pwatsona8@posterous.com
370|Sandra|Gilbert|sgilberta9@nationalgeographic.com
371|Harold|Butler|hbutleraa@redcross.org
372|Theresa|Moore|tmooreab@surveymonkey.com
373|Jacqueline|Mills|jmillsac@google.it
374|Kevin|Willis|kwillisad@irs.gov
375|Fred|Bishop|fbishopae@home.pl
376|Martha|Romero|mromeroaf@rambler.ru
377|Virginia|Bennett|vbennettag@list-manage.com
378|Cynthia|Dunn|cdunnah@addthis.com
379|Martin|Cooper|mcooperai@photobucket.com
380|Frank|Sims|fsimsaj@woothemes.com
381|Jennifer|Brooks|jbrooksak@rambler.ru
382|Cynthia|Welch|cwelchal@mtv.com
383|Patricia|Freeman|pfreemanam@vimeo.com
384|Sarah|Hunt|shuntan@godaddy.com
385|Chris|West|cwestao@yelp.com
386|Diane|Long|dlongap@noaa.gov
387|Anna|Gray|agrayaq@ow.ly
388|Clarence|Carroll|ccarrollar@earthlink.net
389|Roy|Green|rgreenas@trellian.com
390|Alan|Watkins|awatkinsat@senate.gov
391|Lisa|West|lwestau@privacy.gov.au
392|Eugene|White|ewhiteav@myspace.com
393|Clarence|Hunter|chunteraw@omniture.com
394|Louise|Green|lgreenax@dropbox.com
395|Wayne|Little|wlittleay@nationalgeographic.com
396|Helen|Andrews|handrewsaz@gravatar.com
397|Russell|Harrison|rharrisonb0@netscape.com
398|Norma|Sullivan|nsullivanb1@imageshack.us
399|Jeffrey|Wells|jwellsb2@pbs.org
400|Michelle|Stone|mstoneb3@live.com
401|Anne|Parker|aparkerb4@yahoo.com
402|Ralph|Edwards|redwardsb5@jalbum.net
403|Melissa|Bishop|mbishopb6@delicious.com
404|Paul|Olson|polsonb7@comcast.net
405|Henry|Cole|hcoleb8@mapquest.com
406|Pamela|Ramirez|pramirezb9@bbb.org
407|Helen|Ortiz|hortizba@washingtonpost.com
408|Nicole|Franklin|nfranklinbb@marriott.com
409|Ryan|Shaw|rshawbc@loc.gov
410|Carolyn|Day|cdaybd@g.co
411|Jonathan|Ferguson|jfergusonbe@merriam-webster.com
412|Karen|Johnson|kjohnsonbf@wix.com
413|Judy|Hughes|jhughesbg@webeden.co.uk
414|Paula|Hunt|phuntbh@digg.com
415|Lois|Bell|lbellbi@berkeley.edu
416|Ruby|Franklin|rfranklinbj@miitbeian.gov.cn
417|Dorothy|Burns|dburnsbk@odnoklassniki.ru
418|Robert|James|rjamesbl@reddit.com
419|Dennis|Ferguson|dfergusonbm@youtu.be
420|Teresa|Mccoy|tmccoybn@naver.com
421|Phyllis|Bowman|pbowmanbo@unicef.org
422|Kevin|Flores|kfloresbp@ft.com
423|Shawn|Henry|shenrybq@eepurl.com
424|Carolyn|Alvarez|calvarezbr@vinaora.com
425|Maria|Wallace|mwallacebs@bloglines.com
426|Paul|Wagner|pwagnerbt@nbcnews.com
427|Lillian|Fowler|lfowlerbu@howstuffworks.com
428|David|Mason|dmasonbv@mediafire.com
429|Carolyn|Watson|cwatsonbw@loc.gov
430|Pamela|Mendoza|pmendozabx@furl.net
431|Sharon|Hicks|shicksby@rediff.com
432|Albert|Green|agreenbz@slate.com
433|Ernest|Woods|ewoodsc0@time.com
434|Cheryl|Walker|cwalkerc1@dmoz.org
435|Angela|Washington|awashingtonc2@bandcamp.com
436|Frances|Myers|fmyersc3@patch.com
437|Kimberly|Wagner|kwagnerc4@earthlink.net
438|Rose|Lawrence|rlawrencec5@twitter.com
439|Jacqueline|Hudson|jhudsonc6@comsenz.com
440|Mary|Owens|mowensc7@ustream.tv
441|Elizabeth|Webb|ewebbc8@imageshack.us
442|Victor|Schmidt|vschmidtc9@europa.eu
443|Catherine|Hall|challca@unesco.org
444|Emily|Smith|esmithcb@pagesperso-orange.fr
445|Victor|Tucker|vtuckercc@barnesandnoble.com
446|Chris|Bowman|cbowmancd@noaa.gov
447|Joyce|Williamson|jwilliamsonce@dailymail.co.uk
448|Jacqueline|Miller|jmillercf@fema.gov
449|Michael|Ward|mwardcg@blinklist.com
450|Joshua|Mitchell|jmitchellch@auda.org.au
451|Kathleen|Tucker|ktuckerci@rambler.ru
452|Larry|Martin|lmartincj@de.vu
453|Amy|Martin|amartinck@npr.org
454|Emily|Banks|ebankscl@usatoday.com
455|Cheryl|Smith|csmithcm@clickbank.net
456|Billy|Green|bgreencn@mit.edu
457|Nicholas|Harris|nharrisco@miitbeian.gov.cn
458|Catherine|Gilbert|cgilbertcp@t.co
459|Amanda|Henderson|ahendersoncq@skype.com
460|Kelly|Cruz|kcruzcr@squarespace.com
461|Jeremy|Reid|jreidcs@netvibes.com
462|Mark|Wagner|mwagnerct@psu.edu
463|Donna|Phillips|dphillipscu@bloglines.com
464|Jean|Watson|jwatsoncv@hao123.com
465|Joseph|Ross|jrosscw@delicious.com
466|Brenda|Mendoza|bmendozacx@com.com
467|Ashley|Carpenter|acarpentercy@edublogs.org
468|Mildred|Ferguson|mfergusoncz@hud.gov
469|Louis|Henry|lhenryd0@usatoday.com
470|Martin|Wells|mwellsd1@rediff.com
471|Eugene|Cox|ecoxd2@nydailynews.com
472|Roy|Ramirez|rramirezd3@canalblog.com
473|Melissa|Morales|mmoralesd4@163.com
474|Brandon|Alexander|balexanderd5@ftc.gov
475|Mildred|Mitchell|mmitchelld6@time.com
476|Christine|Diaz|cdiazd7@mozilla.org
477|Douglas|Gardner|dgardnerd8@shop-pro.jp
478|Lillian|Carpenter|lcarpenterd9@etsy.com
479|Jose|Barnes|jbarnesda@technorati.com
480|Kathleen|Griffin|kgriffindb@usgs.gov
481|Shirley|Rivera|sriveradc@reuters.com
482|Lois|Rose|lrosedd@jugem.jp
483|Nicholas|Jones|njonesde@ted.com
484|Stephen|Franklin|sfranklindf@imdb.com
485|Gregory|Mitchell|gmitchelldg@who.int
486|Doris|Gonzalez|dgonzalezdh@furl.net
487|Sean|Parker|sparkerdi@un.org
488|Brian|Chapman|bchapmandj@dagondesign.com
489|Margaret|Martinez|mmartinezdk@google.com.au
490|Amanda|Alvarez|aalvarezdl@icq.com
491|Lisa|Perez|lperezdm@si.edu
492|Donald|Lane|dlanedn@amazon.co.uk
493|Sara|Daniels|sdanielsdo@skype.com
494|Martha|Rice|mricedp@cdc.gov
495|Phyllis|Burke|pburkedq@tinypic.com
496|Eugene|Williams|ewilliamsdr@ameblo.jp
497|Ryan|Bowman|rbowmands@whitehouse.gov
498|Teresa|Anderson|tandersondt@buzzfeed.com
499|Rebecca|Butler|rbutlerdu@amazon.de
500|Andrew|Ferguson|afergusondv@360.cn
501|Timothy|Fernandez|tfernandezdw@infoseek.co.jp
502|Ashley|Brown|abrowndx@imgur.com
503|Ann|Smith|asmithdy@ted.com
504|Kimberly|Ramos|kramosdz@ycombinator.com
505|Paula|Miller|pmillere0@youku.com
506|Shawn|Hall|shalle1@google.com.br
507|Christina|Green|cgreene2@shop-pro.jp
508|Irene|Harper|iharpere3@answers.com
509|Keith|Reed|kreede4@ask.com
510|Billy|Turner|bturnere5@senate.gov
511|Donald|Allen|dallene6@who.int
512|Bonnie|Sims|bsimse7@oaic.gov.au
513|Steven|Willis|swillise8@nymag.com
514|Sarah|Brown|sbrowne9@prweb.com
515|Keith|Hunter|khunterea@alibaba.com
516|Carol|Stewart|cstewarteb@123-reg.co.uk
517|Kathryn|Bell|kbellec@wikia.com
518|Diane|Alexander|dalexandered@over-blog.com
519|Benjamin|Howell|bhowellee@devhub.com
520|Julia|Bailey|jbaileyef@stanford.edu
521|Jeremy|Ford|jfordeg@who.int
522|Beverly|Fuller|bfullereh@oakley.com
523|Michelle|Carter|mcarterei@ebay.co.uk
524|Andrew|Long|alongej@techcrunch.com
525|Sean|Chapman|schapmanek@dyndns.org
526|Sandra|Reynolds|sreynoldsel@squidoo.com
527|Douglas|Lynch|dlynchem@blinklist.com
528|Doris|Hunt|dhunten@furl.net
529|Antonio|Taylor|atayloreo@ehow.com
530|Martha|Hernandez|mhernandezep@hud.gov
531|Michelle|Smith|msmitheq@usgs.gov
532|Cheryl|Jenkins|cjenkinser@delicious.com
533|Norma|Robertson|nrobertsones@uiuc.edu
534|Bonnie|Hicks|bhickset@exblog.jp
535|Gloria|Berry|gberryeu@house.gov
536|Philip|Hicks|phicksev@phoca.cz
537|Daniel|Cunningham|dcunninghamew@amazon.com
538|Margaret|Johnston|mjohnstonex@loc.gov
539|Gerald|Austin|gaustiney@t-online.de
540|William|Dean|wdeanez@cocolog-nifty.com
541|Lori|Murray|lmurrayf0@nationalgeographic.com
542|Albert|Harper|aharperf1@livejournal.com
543|Joan|Mccoy|jmccoyf2@blinklist.com
544|Denise|Stevens|dstevensf3@macromedia.com
545|Jimmy|Oliver|joliverf4@utexas.edu
546|Donald|Campbell|dcampbellf5@hud.gov
547|Bobby|Barnes|bbarnesf6@ifeng.com
548|Judy|Little|jlittlef7@biglobe.ne.jp
549|Louis|Ray|lrayf8@over-blog.com
550|Laura|Lawrence|llawrencef9@pcworld.com
551|Sharon|Cunningham|scunninghamfa@google.com.au
552|Christina|Johnson|cjohnsonfb@is.gd
553|Ronald|Fernandez|rfernandezfc@privacy.gov.au
554|Kathy|Palmer|kpalmerfd@yandex.ru
555|Johnny|Wheeler|jwheelerfe@gmpg.org
556|Robin|Simmons|rsimmonsff@harvard.edu
557|Jeremy|Wilson|jwilsonfg@craigslist.org
558|Kathy|Watson|kwatsonfh@imgur.com
559|Scott|Hunt|shuntfi@bigcartel.com
560|William|Mcdonald|wmcdonaldfj@simplemachines.org
561|Ashley|Palmer|apalmerfk@technorati.com
562|Jose|Wagner|jwagnerfl@rambler.ru
563|Maria|Larson|mlarsonfm@prnewswire.com
564|Melissa|Arnold|marnoldfn@unc.edu
565|Fred|Foster|ffosterfo@webnode.com
566|Kelly|Rivera|kriverafp@smugmug.com
567|Anna|Porter|aporterfq@usatoday.com
568|Jane|Gibson|jgibsonfr@blinklist.com
569|Evelyn|Crawford|ecrawfordfs@wix.com
570|Philip|Nguyen|pnguyenft@desdev.cn
571|Sean|Johnston|sjohnstonfu@nydailynews.com
572|Mark|Stanley|mstanleyfv@geocities.jp
573|Julia|Johnson|jjohnsonfw@illinois.edu
574|Earl|Lopez|elopezfx@hubpages.com
575|Roger|Adams|radamsfy@networksolutions.com
576|Jessica|Riley|jrileyfz@unicef.org
577|Louise|Baker|lbakerg0@vk.com
578|Rebecca|Patterson|rpattersong1@washingtonpost.com
579|Adam|Hughes|ahughesg2@linkedin.com
580|Louise|Stone|lstoneg3@friendfeed.com
581|Annie|Olson|aolsong4@google.ca
582|Craig|Frazier|cfrazierg5@nba.com
583|Howard|Banks|hbanksg6@bravesites.com
584|Sharon|Marshall|smarshallg7@biglobe.ne.jp
585|Lisa|Hamilton|lhamiltong8@mtv.com
586|Emily|Carr|ecarrg9@cdbaby.com
587|Peter|Carter|pcarterga@sciencedirect.com
588|Harry|Lewis|hlewisgb@geocities.jp
589|Patricia|Washington|pwashingtongc@sun.com
590|Craig|Freeman|cfreemangd@marketwatch.com
591|Kenneth|Bennett|kbennettge@cafepress.com
592|John|Weaver|jweavergf@sciencedirect.com
593|Lillian|Schmidt|lschmidtgg@ft.com
594|Theresa|Watson|twatsongh@yandex.ru
595|Craig|Olson|colsongi@bloomberg.com
596|Karen|Burns|kburnsgj@cocolog-nifty.com
597|Sara|Berry|sberrygk@seesaa.net
598|Elizabeth|Hudson|ehudsongl@vk.com
599|Wayne|Murphy|wmurphygm@macromedia.com
600|Arthur|Hart|ahartgn@symantec.com
601|Melissa|Rose|mrosego@yellowpages.com
602|Wanda|Stevens|wstevensgp@soup.io
603|Shirley|Martinez|smartinezgq@themeforest.net
604|Steve|Mendoza|smendozagr@auda.org.au
605|Teresa|Morris|tmorrisgs@geocities.com
606|Stephen|Knight|sknightgt@meetup.com
607|Paul|Stanley|pstanleygu@ycombinator.com
608|Keith|Garza|kgarzagv@people.com.cn
609|Martha|Garza|mgarzagw@seattletimes.com
610|Julia|Spencer|jspencergx@cnbc.com
611|Wayne|Ruiz|wruizgy@example.com
612|Joseph|Daniels|jdanielsgz@deliciousdays.com
613|Brandon|Watkins|bwatkinsh0@tumblr.com
614|Beverly|Hunter|bhunterh1@intel.com
615|Christopher|Richardson|crichardsonh2@exblog.jp
616|Carl|Ray|crayh3@microsoft.com
617|Albert|Matthews|amatthewsh4@delicious.com
618|Doris|Nelson|dnelsonh5@wordpress.org
619|David|Howard|dhowardh6@about.com
620|Ashley|Bennett|abennetth7@google.ru
621|Jonathan|Larson|jlarsonh8@acquirethisname.com
622|William|Lynch|wlynchh9@bravesites.com
623|Kimberly|Hudson|khudsonha@amazon.com
624|Christopher|Perry|cperryhb@mapquest.com
625|Andrew|Sanchez|asanchezhc@parallels.com
626|Joan|Ray|jrayhd@cmu.edu
627|Frank|Willis|fwillishe@answers.com
628|Nicole|Henry|nhenryhf@flickr.com
629|Harry|Ross|hrosshg@aboutads.info
630|Joan|Gilbert|jgilberthh@spiegel.de
631|Maria|Daniels|mdanielshi@163.com
632|Raymond|Dixon|rdixonhj@uol.com.br
633|Mildred|Richardson|mrichardsonhk@noaa.gov
634|Justin|Wallace|jwallacehl@wunderground.com
635|Emily|Stanley|estanleyhm@pbs.org
636|Teresa|Spencer|tspencerhn@naver.com
637|Anna|Rogers|arogersho@nationalgeographic.com
638|Ann|Sanchez|asanchezhp@posterous.com
639|Daniel|Sullivan|dsullivanhq@mysql.com
640|Jean|Thomas|jthomashr@alexa.com
641|Beverly|Wagner|bwagnerhs@amazon.co.uk
642|Betty|Anderson|bandersonht@dot.gov
643|Barbara|Little|blittlehu@google.com.au
644|Jeffrey|Mendoza|jmendozahv@nationalgeographic.com
645|Eugene|Diaz|ediazhw@woothemes.com
646|Shirley|Garrett|sgarretthx@hatena.ne.jp
647|Charles|Armstrong|carmstronghy@deliciousdays.com
648|Jason|Cruz|jcruzhz@washington.edu
649|Jean|Knight|jknighti0@google.com.hk
650|Jimmy|Tucker|jtuckeri1@hao123.com
651|Ronald|Frazier|rfrazieri2@latimes.com
652|Earl|Richardson|erichardsoni3@hugedomains.com
653|Robin|Miller|rmilleri4@pagesperso-orange.fr
654|Ashley|Warren|awarreni5@zdnet.com
655|Jack|Hunt|jhunti6@va.gov
656|Jean|Jackson|jjacksoni7@google.nl
657|Samuel|Hart|sharti8@fda.gov
658|Peter|Garcia|pgarciai9@harvard.edu
659|Peter|Lewis|plewisia@nbcnews.com
660|Kathy|Richardson|krichardsonib@newyorker.com
661|Daniel|Ramos|dramosic@si.edu
662|Russell|Carr|rcarrid@yale.edu
663|Bonnie|Phillips|bphillipsie@booking.com
664|Doris|Gordon|dgordonif@last.fm
665|Jesse|Chavez|jchavezig@yale.edu
666|Cynthia|Bishop|cbishopih@washingtonpost.com
667|Justin|Moore|jmooreii@cisco.com
668|Diana|Stephens|dstephensij@upenn.edu
669|Michelle|Berry|mberryik@histats.com
670|Judith|Fernandez|jfernandezil@sfgate.com
671|Scott|Bell|sbellim@google.ca
672|Margaret|Chavez|mchavezin@miibeian.gov.cn
673|Rebecca|Spencer|rspencerio@howstuffworks.com
674|Matthew|Daniels|mdanielsip@ow.ly
675|Tammy|Morrison|tmorrisoniq@indiatimes.com
676|Craig|James|cjamesir@home.pl
677|Ronald|Fernandez|rfernandezis@ox.ac.uk
678|Richard|Hawkins|rhawkinsit@drupal.org
679|Paul|Mitchell|pmitchelliu@bluehost.com
680|Jerry|Bell|jbelliv@flickr.com
681|Karen|Barnes|kbarnesiw@amazon.de
682|Ann|Harper|aharperix@imgur.com
683|Angela|Kennedy|akennedyiy@geocities.com
684|Sharon|Rodriguez|srodrigueziz@google.pl
685|Anna|Kelley|akelleyj0@nbcnews.com
686|Paula|Little|plittlej1@sphinn.com
687|Frank|Lynch|flynchj2@canalblog.com
688|Scott|Ramos|sramosj3@hugedomains.com
689|Ruby|Snyder|rsnyderj4@surveymonkey.com
690|David|Webb|dwebbj5@so-net.ne.jp
691|Sara|Medina|smedinaj6@nbcnews.com
692|John|Morgan|jmorganj7@ehow.com
693|Patrick|Stone|pstonej8@live.com
694|Justin|Chavez|jchavezj9@miibeian.gov.cn
695|Todd|Mills|tmillsja@kickstarter.com
696|Julie|Price|jpricejb@dell.com
697|Stephen|Simpson|ssimpsonjc@home.pl
698|Ralph|Porter|rporterjd@nba.com
699|Daniel|Wilson|dwilsonje@nationalgeographic.com
700|Raymond|Hunter|rhunterjf@parallels.com
701|Anne|Schmidt|aschmidtjg@sitemeter.com
702|Albert|Montgomery|amontgomeryjh@comsenz.com
703|Carolyn|Mitchell|cmitchellji@ted.com
704|Brian|Mccoy|bmccoyjj@bluehost.com
705|Stephen|Porter|sporterjk@xing.com
706|Margaret|Ramirez|mramirezjl@usda.gov
707|Stephen|Gonzales|sgonzalesjm@themeforest.net
708|Gerald|Young|gyoungjn@latimes.com
709|Beverly|Moreno|bmorenojo@com.com
710|Gerald|Harper|gharperjp@aol.com
711|Jean|Wagner|jwagnerjq@cornell.edu
712|James|Miller|jmillerjr@shinystat.com
713|Carol|Reed|creedjs@oracle.com
714|Harold|Ellis|hellisjt@whitehouse.gov
715|Carl|Perry|cperryju@goodreads.com
716|Betty|Reid|breidjv@tiny.cc
717|Patrick|Patterson|ppattersonjw@apache.org
718|Kelly|Wheeler|kwheelerjx@google.es
719|Dennis|Garza|dgarzajy@bizjournals.com
720|Dorothy|Gardner|dgardnerjz@moonfruit.com
721|Christopher|Russell|crussellk0@mtv.com
722|Walter|Lane|wlanek1@nba.com
723|Albert|Jenkins|ajenkinsk2@de.vu
724|Joseph|Howell|jhowellk3@sfgate.com
725|Tammy|Shaw|tshawk4@guardian.co.uk
726|Beverly|Franklin|bfranklink5@mysql.com
727|Philip|Ferguson|pfergusonk6@skype.com
728|Russell|Sullivan|rsullivank7@free.fr
729|Gerald|Bennett|gbennettk8@nih.gov
730|Jimmy|Hudson|jhudsonk9@paypal.com
731|Dennis|Duncan|dduncanka@disqus.com
732|Kimberly|Sims|ksimskb@omniture.com
733|Kelly|Morris|kmorriskc@google.com.hk
734|Steve|Gonzalez|sgonzalezkd@bbc.co.uk
735|Lori|Richards|lrichardske@wsj.com
736|Rose|Nelson|rnelsonkf@utexas.edu
737|Jerry|Johnson|jjohnsonkg@wikipedia.org
738|Gerald|Hill|ghillkh@fc2.com
739|Anna|Burke|aburkeki@domainmarket.com
740|Jack|Hall|jhallkj@free.fr
741|Donald|Harrison|dharrisonkk@apple.com
742|Eric|Cooper|ecooperkl@squarespace.com
743|Andrea|Howard|ahowardkm@spotify.com
744|Frances|Romero|fromerokn@plala.or.jp
745|Raymond|Montgomery|rmontgomeryko@cdbaby.com
746|Stephen|Arnold|sarnoldkp@sciencedirect.com
747|Melissa|Bennett|mbennettkq@mapy.cz
748|Nicole|Price|npricekr@archive.org
749|Louis|Kelley|lkelleyks@mapquest.com
750|Phyllis|Brooks|pbrookskt@berkeley.edu
751|Emily|Moore|emooreku@lulu.com
752|Melissa|White|mwhitekv@ycombinator.com
753|Karen|Fisher|kfisherkw@soup.io
754|Joshua|Gray|jgraykx@networkadvertising.org
755|Anne|Robertson|arobertsonky@surveymonkey.com
756|Roy|Reyes|rreyeskz@jimdo.com
757|Samuel|Rodriguez|srodriguezl0@nps.gov
758|Carl|Sanchez|csanchezl1@google.cn
759|Jeffrey|Brown|jbrownl2@yandex.ru
760|Kimberly|Lynch|klynchl3@omniture.com
761|Rachel|Stevens|rstevensl4@w3.org
762|Janet|Grant|jgrantl5@java.com
763|Katherine|Reyes|kreyesl6@chronoengine.com
764|Laura|Meyer|lmeyerl7@auda.org.au
765|Louis|Clark|lclarkl8@aboutads.info
766|Marie|Hunt|mhuntl9@soundcloud.com
767|Steven|Ramirez|sramirezla@furl.net
768|Johnny|Meyer|jmeyerlb@digg.com
769|Theresa|Stevens|tstevenslc@tiny.cc
770|Joshua|Walker|jwalkerld@pagesperso-orange.fr
771|David|Burke|dburkele@wufoo.com
772|Louise|Hudson|lhudsonlf@oakley.com
773|Michael|Ruiz|mruizlg@comcast.net
774|Gary|Alvarez|galvarezlh@wufoo.com
775|Joyce|Day|jdayli@phoca.cz
776|Daniel|Riley|drileylj@biglobe.ne.jp
777|Patricia|Ray|praylk@blogtalkradio.com
778|Stephen|Thomas|sthomasll@mail.ru
779|Martin|Long|mlonglm@hostgator.com
780|Elizabeth|Mason|emasonln@weibo.com
781|Raymond|Andrews|randrewslo@bloglovin.com
782|Sandra|Cole|scolelp@storify.com
783|Henry|Stone|hstonelq@is.gd
784|Phillip|Nichols|pnicholslr@google.cn
785|Shawn|Nichols|snicholsls@dot.gov
786|Tammy|Kelley|tkelleylt@vistaprint.com
787|Patrick|Meyer|pmeyerlu@wsj.com
788|Kimberly|Arnold|karnoldlv@lycos.com
789|Tammy|Sims|tsimslw@mashable.com
790|Annie|Nguyen|anguyenlx@netlog.com
791|Martha|Martin|mmartinly@is.gd
792|Raymond|Flores|rfloreslz@japanpost.jp
793|Martin|Stewart|mstewartm0@creativecommons.org
794|Jason|Wright|jwrightm1@msu.edu
795|Raymond|Day|rdaym2@amazon.com
796|Victor|Ross|vrossm3@mediafire.com
797|Roy|Moreno|rmorenom4@sohu.com
798|Phyllis|Ray|praym5@sphinn.com
799|Janet|Alvarez|jalvarezm6@boston.com
800|Willie|Coleman|wcolemanm7@wp.com
801|Steven|Jacobs|sjacobsm8@reuters.com
802|Gregory|White|gwhitem9@springer.com
803|Frank|Jordan|fjordanma@techcrunch.com
804|Michael|Young|myoungmb@sitemeter.com
805|Michael|Roberts|mrobertsmc@alibaba.com
806|Juan|Ryan|jryanmd@umn.edu
807|Todd|Smith|tsmithme@bigcartel.com
808|Ernest|Johnston|ejohnstonmf@virginia.edu
809|Shawn|Hunt|shuntmg@1und1.de
810|Jacqueline|Harris|jharrismh@wikia.com
811|Robin|Reyes|rreyesmi@constantcontact.com
812|Maria|Medina|mmedinamj@blogspot.com
813|Melissa|Schmidt|mschmidtmk@yale.edu
814|Justin|Patterson|jpattersonml@chicagotribune.com
815|Craig|Hill|chillmm@diigo.com
816|Marilyn|Mendoza|mmendozamn@dyndns.org
817|Jacqueline|Hawkins|jhawkinsmo@joomla.org
818|Robert|Lane|rlanemp@webeden.co.uk
819|Robin|Riley|rrileymq@google.nl
820|Nancy|Castillo|ncastillomr@addthis.com
821|Arthur|Boyd|aboydms@google.nl
822|Ralph|Hansen|rhansenmt@youku.com
823|Judy|Nichols|jnicholsmu@chicagotribune.com
824|Adam|Bradley|abradleymv@engadget.com
825|Annie|Hicks|ahicksmw@hp.com
826|Richard|Adams|radamsmx@cafepress.com
827|Steve|Burns|sburnsmy@seesaa.net
828|Robert|Lopez|rlopezmz@zdnet.com
829|Shawn|Owens|sowensn0@webmd.com
830|Ryan|Powell|rpowelln1@mashable.com
831|Rachel|Schmidt|rschmidtn2@shop-pro.jp
832|Shirley|Robinson|srobinsonn3@cdc.gov
833|Janice|Shaw|jshawn4@admin.ch
834|Ronald|Franklin|rfranklinn5@tiny.cc
835|Tina|Ortiz|tortizn6@uol.com.br
836|Alice|Myers|amyersn7@virginia.edu
837|Kimberly|Wood|kwoodn8@indiatimes.com
838|Teresa|Ellis|tellisn9@unicef.org
839|Patricia|Cole|pcolena@wix.com
840|Eric|Perez|epereznb@fema.gov
841|Marilyn|Gonzales|mgonzalesnc@google.nl
842|Evelyn|Roberts|erobertsnd@facebook.com
843|Carol|Sims|csimsne@techcrunch.com
844|Patricia|Mason|pmasonnf@sakura.ne.jp
845|Gloria|Walker|gwalkerng@nydailynews.com
846|Ronald|Gilbert|rgilbertnh@biblegateway.com
847|Theresa|Phillips|tphillipsni@pcworld.com
848|Gloria|Thomas|gthomasnj@thetimes.co.uk
849|Anna|Carpenter|acarpenternk@amazonaws.com
850|Jose|Webb|jwebbnl@360.cn
851|Clarence|Watkins|cwatkinsnm@wisc.edu
852|Mark|Wagner|mwagnernn@phoca.cz
853|Joe|Chavez|jchavezno@soup.io
854|Timothy|Wheeler|twheelernp@washington.edu
855|Michael|Moreno|mmorenonq@weibo.com
856|Elizabeth|Johnston|ejohnstonnr@sina.com.cn
857|Christopher|Harvey|charveyns@utexas.edu
858|Walter|Oliver|wolivernt@reddit.com
859|William|Cook|wcooknu@amazon.co.uk
860|Janice|Ortiz|jortiznv@weebly.com
861|Brian|Thompson|bthompsonnw@home.pl
862|Scott|Franklin|sfranklinnx@chron.com
863|Katherine|Hawkins|khawkinsny@ameblo.jp
864|Sean|Jordan|sjordannz@indiatimes.com
865|Clarence|Moreno|cmorenoo0@de.vu
866|Ann|Kennedy|akennedyo1@w3.org
867|Charles|Montgomery|cmontgomeryo2@qq.com
868|Eric|Nichols|enicholso3@flavors.me
869|Mildred|Burke|mburkeo4@rakuten.co.jp
870|Joshua|Johnson|jjohnsono5@w3.org
871|Phyllis|Elliott|pelliotto6@youku.com
872|Dennis|Pierce|dpierceo7@ca.gov
873|Jeffrey|Gibson|jgibsono8@1688.com
874|Martin|Kennedy|mkennedyo9@amazonaws.com
875|Bruce|Cook|bcookoa@pagesperso-orange.fr
876|Jennifer|Nichols|jnicholsob@is.gd
877|Ruth|Bell|rbelloc@howstuffworks.com
878|Pamela|Bennett|pbennettod@opera.com
879|Michael|King|mkingoe@usda.gov
880|Jeremy|Holmes|jholmesof@loc.gov
881|Ernest|Bell|ebellog@europa.eu
882|David|Martin|dmartinoh@nih.gov
883|Henry|Harrison|hharrisonoi@cisco.com
884|Kenneth|Fox|kfoxoj@ebay.com
885|Aaron|Patterson|apattersonok@washington.edu
886|Shirley|Morrison|smorrisonol@shareasale.com
887|Billy|Bowman|bbowmanom@mapquest.com
888|Lori|Hicks|lhickson@columbia.edu
889|John|Ross|jrossoo@indiatimes.com
890|Jason|Campbell|jcampbellop@google.pl
891|Timothy|Grant|tgrantoq@ebay.com
892|Doris|Brown|dbrownor@blogger.com
893|Julia|Franklin|jfranklinos@liveinternet.ru
894|Mark|Mendoza|mmendozaot@ask.com
895|Heather|Cook|hcookou@cbsnews.com
896|Andrew|Jordan|ajordanov@patch.com
897|Earl|Jackson|ejacksonow@bbc.co.uk
898|Albert|Lawson|alawsonox@shareasale.com
899|Kevin|Olson|kolsonoy@businessweek.com
900|Heather|Castillo|hcastillooz@wikipedia.org
901|Virginia|Wallace|vwallacep0@uol.com.br
902|Nicole|Williams|nwilliamsp1@yahoo.com
903|Eugene|Reid|ereidp2@thetimes.co.uk
904|Eugene|Fernandez|efernandezp3@alibaba.com
905|Frank|Gray|fgrayp4@usnews.com
906|Bobby|Phillips|bphillipsp5@scientificamerican.com
907|Catherine|Fuller|cfullerp6@reddit.com
908|Jeffrey|Wood|jwoodp7@nba.com
909|Jeffrey|Lane|jlanep8@flickr.com
910|Roger|Robertson|rrobertsonp9@dagondesign.com
911|Louis|Burton|lburtonpa@behance.net
912|Harold|Wheeler|hwheelerpb@freewebs.com
913|Douglas|Mason|dmasonpc@techcrunch.com
914|Larry|Allen|lallenpd@dailymail.co.uk
915|Lois|Gibson|lgibsonpe@umich.edu
916|Alan|Mason|amasonpf@utexas.edu
917|Jason|Phillips|jphillipspg@e-recht24.de
918|Debra|Rivera|driveraph@edublogs.org
919|Debra|Diaz|ddiazpi@gov.uk
920|Albert|Riley|arileypj@issuu.com
921|Chris|Hunt|chuntpk@blogs.com
922|Pamela|Richards|prichardspl@about.com
923|Julia|Martin|jmartinpm@amazon.co.uk
924|Randy|Elliott|relliottpn@studiopress.com
925|Theresa|Cox|tcoxpo@irs.gov
926|Jesse|King|jkingpp@theatlantic.com
927|Larry|Bowman|lbowmanpq@cam.ac.uk
928|Walter|Fisher|wfisherpr@whitehouse.gov
929|Daniel|Mitchell|dmitchellps@homestead.com
930|Tina|Banks|tbankspt@biblegateway.com
931|Gloria|Reed|greedpu@ibm.com
932|Ashley|Richardson|arichardsonpv@livejournal.com
933|Jack|Adams|jadamspw@mail.ru
934|Deborah|Jones|djonespx@dedecms.com
935|Lisa|Gomez|lgomezpy@dailymotion.com
936|Johnny|Williams|jwilliamspz@europa.eu
937|Margaret|Diaz|mdiazq0@fastcompany.com
938|Donald|Vasquez|dvasquezq1@constantcontact.com
939|Diane|Alexander|dalexanderq2@netlog.com
940|Ralph|Franklin|rfranklinq3@photobucket.com
941|Martha|Gardner|mgardnerq4@yandex.ru
942|Janet|Gordon|jgordonq5@networkadvertising.org
943|Melissa|Allen|mallenq6@domainmarket.com
